--
-- PostgreSQL database dump
--

\restrict hFNtxe9rnEEr06aQFKiHZlK9w06D27dRqLhdA97kvjOXOBG7WDWP7Zsa9aq22bS

-- Dumped from database version 17.6
-- Dumped by pg_dump version 17.6

-- Started on 2025-12-06 12:39:38

SET statement_timeout = 0;
SET lock_timeout = 0;
SET idle_in_transaction_session_timeout = 0;
-- SET transaction_timeout = 0;
SET client_encoding = 'UTF8';
SET standard_conforming_strings = on;
SELECT pg_catalog.set_config('search_path', '', false);
SET check_function_bodies = false;
SET xmloption = content;
SET client_min_messages = warning;
SET row_security = off;

SET default_tablespace = '';

SET default_table_access_method = heap;

--
-- TOC entry 230 (class 1259 OID 319869)
-- Name: DoctorSpecialization; Type: TABLE; Schema: public; Owner: postgres
--

CREATE TABLE public."DoctorSpecialization" (
    "DoctorID" integer NOT NULL,
    "SpecializationID" integer NOT NULL
);


ALTER TABLE public."DoctorSpecialization" OWNER TO postgres;

--
-- TOC entry 219 (class 1259 OID 319814)
-- Name: Doctors; Type: TABLE; Schema: public; Owner: postgres
--

CREATE TABLE public."Doctors" (
    "ID" integer NOT NULL,
    "Name" character varying(50) NOT NULL,
    "Surname" character varying(50) NOT NULL,
    "Email" character varying(255) NOT NULL,
    "PhoneNumber" character varying(255) NOT NULL,
    "PasswordHash" character varying(255) NOT NULL,
    "StartHour" time without time zone NOT NULL,
    "EndHour" time without time zone NOT NULL,
    "Facility" character varying(255) NOT NULL,
    "DoctorDescription" text NOT NULL,
    "Role" integer DEFAULT 0 NOT NULL
);


ALTER TABLE public."Doctors" OWNER TO postgres;

--
-- TOC entry 218 (class 1259 OID 319813)
-- Name: Doctors_ID_seq; Type: SEQUENCE; Schema: public; Owner: postgres
--

ALTER TABLE public."Doctors" ALTER COLUMN "ID" ADD GENERATED BY DEFAULT AS IDENTITY (
    SEQUENCE NAME public."Doctors_ID_seq"
    START WITH 1
    INCREMENT BY 1
    NO MINVALUE
    NO MAXVALUE
    CACHE 1
);


--
-- TOC entry 221 (class 1259 OID 319822)
-- Name: NewsItems; Type: TABLE; Schema: public; Owner: postgres
--

CREATE TABLE public."NewsItems" (
    "ID" integer NOT NULL,
    "Title" character varying(255) NOT NULL,
    "Description" text NOT NULL,
    "ImageURL" text NOT NULL,
    "Date" timestamp with time zone NOT NULL
);


ALTER TABLE public."NewsItems" OWNER TO postgres;

--
-- TOC entry 220 (class 1259 OID 319821)
-- Name: NewsItems_ID_seq; Type: SEQUENCE; Schema: public; Owner: postgres
--

ALTER TABLE public."NewsItems" ALTER COLUMN "ID" ADD GENERATED BY DEFAULT AS IDENTITY (
    SEQUENCE NAME public."NewsItems_ID_seq"
    START WITH 1
    INCREMENT BY 1
    NO MINVALUE
    NO MAXVALUE
    CACHE 1
);


--
-- TOC entry 223 (class 1259 OID 319830)
-- Name: Patients; Type: TABLE; Schema: public; Owner: postgres
--

CREATE TABLE public."Patients" (
    "ID" integer NOT NULL,
    "PESEL" character varying(11) NOT NULL,
    "Name" character varying(50) NOT NULL,
    "Surname" character varying(50) NOT NULL,
    "Birthday" timestamp without time zone NOT NULL,
    "Email" character varying(255) NOT NULL,
    "PhoneNumber" character varying(255) NOT NULL,
    "PasswordHash" character varying(255) NOT NULL,
    "Status" integer DEFAULT 1 NOT NULL,
    "Role" integer DEFAULT 0 NOT NULL
);


ALTER TABLE public."Patients" OWNER TO postgres;

--
-- TOC entry 222 (class 1259 OID 319829)
-- Name: Patients_ID_seq; Type: SEQUENCE; Schema: public; Owner: postgres
--

ALTER TABLE public."Patients" ALTER COLUMN "ID" ADD GENERATED BY DEFAULT AS IDENTITY (
    SEQUENCE NAME public."Patients_ID_seq"
    START WITH 1
    INCREMENT BY 1
    NO MINVALUE
    NO MAXVALUE
    CACHE 1
);


--
-- TOC entry 229 (class 1259 OID 319852)
-- Name: RefreshTokens; Type: TABLE; Schema: public; Owner: postgres
--

CREATE TABLE public."RefreshTokens" (
    "ID" integer NOT NULL,
    "Token" text NOT NULL,
    "ExpiresAt" timestamp with time zone NOT NULL,
    "IsRevoked" boolean NOT NULL,
    "PatientID" integer,
    "DoctorID" integer
);


ALTER TABLE public."RefreshTokens" OWNER TO postgres;

--
-- TOC entry 228 (class 1259 OID 319851)
-- Name: RefreshTokens_ID_seq; Type: SEQUENCE; Schema: public; Owner: postgres
--

ALTER TABLE public."RefreshTokens" ALTER COLUMN "ID" ADD GENERATED BY DEFAULT AS IDENTITY (
    SEQUENCE NAME public."RefreshTokens_ID_seq"
    START WITH 1
    INCREMENT BY 1
    NO MINVALUE
    NO MAXVALUE
    CACHE 1
);


--
-- TOC entry 225 (class 1259 OID 319838)
-- Name: Rooms; Type: TABLE; Schema: public; Owner: postgres
--

CREATE TABLE public."Rooms" (
    "ID" integer NOT NULL,
    "RoomNumber" integer NOT NULL,
    "RoomType" character varying(255) NOT NULL
);


ALTER TABLE public."Rooms" OWNER TO postgres;

--
-- TOC entry 224 (class 1259 OID 319837)
-- Name: Rooms_ID_seq; Type: SEQUENCE; Schema: public; Owner: postgres
--

ALTER TABLE public."Rooms" ALTER COLUMN "ID" ADD GENERATED BY DEFAULT AS IDENTITY (
    SEQUENCE NAME public."Rooms_ID_seq"
    START WITH 1
    INCREMENT BY 1
    NO MINVALUE
    NO MAXVALUE
    CACHE 1
);


--
-- TOC entry 231 (class 1259 OID 319884)
-- Name: SpecializationRooms; Type: TABLE; Schema: public; Owner: postgres
--

CREATE TABLE public."SpecializationRooms" (
    "SpecializationID" integer NOT NULL,
    "RoomID" integer NOT NULL
);


ALTER TABLE public."SpecializationRooms" OWNER TO postgres;

--
-- TOC entry 227 (class 1259 OID 319844)
-- Name: Specializations; Type: TABLE; Schema: public; Owner: postgres
--

CREATE TABLE public."Specializations" (
    "ID" integer NOT NULL,
    "SpecializationName" character varying(255) NOT NULL,
    "SpecializationDescription" text NOT NULL,
    "SpecializationHighlight" text NOT NULL
);


ALTER TABLE public."Specializations" OWNER TO postgres;

--
-- TOC entry 226 (class 1259 OID 319843)
-- Name: Specializations_ID_seq; Type: SEQUENCE; Schema: public; Owner: postgres
--

ALTER TABLE public."Specializations" ALTER COLUMN "ID" ADD GENERATED BY DEFAULT AS IDENTITY (
    SEQUENCE NAME public."Specializations_ID_seq"
    START WITH 1
    INCREMENT BY 1
    NO MINVALUE
    NO MAXVALUE
    CACHE 1
);


--
-- TOC entry 233 (class 1259 OID 319900)
-- Name: Visits; Type: TABLE; Schema: public; Owner: postgres
--

CREATE TABLE public."Visits" (
    "ID" integer NOT NULL,
    "VisitDate" date NOT NULL,
    "VisitTime" time without time zone NOT NULL,
    "DoctorID" integer NOT NULL,
    "PatientID" integer NOT NULL,
    "Status" integer NOT NULL,
    "Reason" integer NOT NULL,
    "AdditionalNotes" text,
    "RoomID" integer NOT NULL,
    "SpecializationID" integer NOT NULL,
    "VisitNotes" text,
    "PrescriptionText" text
);


ALTER TABLE public."Visits" OWNER TO postgres;

--
-- TOC entry 232 (class 1259 OID 319899)
-- Name: Visits_ID_seq; Type: SEQUENCE; Schema: public; Owner: postgres
--

ALTER TABLE public."Visits" ALTER COLUMN "ID" ADD GENERATED BY DEFAULT AS IDENTITY (
    SEQUENCE NAME public."Visits_ID_seq"
    START WITH 1
    INCREMENT BY 1
    NO MINVALUE
    NO MAXVALUE
    CACHE 1
);


--
-- TOC entry 217 (class 1259 OID 319808)
-- Name: __EFMigrationsHistory; Type: TABLE; Schema: public; Owner: postgres
--

CREATE TABLE public."__EFMigrationsHistory" (
    "MigrationId" character varying(150) NOT NULL,
    "ProductVersion" character varying(32) NOT NULL
);


ALTER TABLE public."__EFMigrationsHistory" OWNER TO postgres;

--
-- TOC entry 4887 (class 0 OID 319869)
-- Dependencies: 230
-- Data for Name: DoctorSpecialization; Type: TABLE DATA; Schema: public; Owner: postgres
--

COPY public."DoctorSpecialization" ("DoctorID", "SpecializationID") FROM stdin;
1	1
1	3
2	2
3	1
4	1
5	1
8	2
10	1
11	2
11	3
12	2
12	3
13	1
\.


--
-- TOC entry 4876 (class 0 OID 319814)
-- Dependencies: 219
-- Data for Name: Doctors; Type: TABLE DATA; Schema: public; Owner: postgres
--

COPY public."Doctors" ("ID", "Name", "Surname", "Email", "PhoneNumber", "PasswordHash", "StartHour", "EndHour", "Facility", "DoctorDescription", "Role") FROM stdin;
2	Emily	Johnson	emily.johnson@medicare.com	987654321	AQAAAAIAAYagAAAAEK2wr62/vPT1IadjOSNuOLLQ9ECj5CKYZbod4yvHThIexqGnCcp5Yry6PpFG9WRYYw==	09:00:00	17:00:00	Building A, Floor 2, MediCare Center	Dr. Emily Johnson is a dedicated neurologist with over 10 years of experience. She focuses on patient-centered care, neurological diagnostics, and innovative treatment methods.	2
3	Michael	Anderson	michael.anderson@medicare.com	555111222	AQAAAAIAAYagAAAAEP8zA5dHE7nyVqBLoZwbn3FPUcUJDN4lB3E4uIv9H1sF5xW0+2Fi7vsmzJYgPNh8lA==	08:00:00	14:00:00	Room 104, MediCare Center	Dr. Michael Anderson is a skilled cardiologist specializing in arrhythmia management and cardiac imaging diagnostics.	2
4	Sophia	Martinez	sophia.martinez@medicare.com	555333444	AQAAAAIAAYagAAAAEPxZkz/F7fYxzUVEXn9xIQKo5Tk1DbiRdnXx7SC7pPjUJW1xVdYzqk5GfYjxyK6K+w==	10:00:00	18:00:00	Room 105, MediCare Center	Dr. Sophia Martinez has extensive experience in non-invasive cardiology and preventive heart health.	2
1	John	Smith	john.smith@medicare.com	123456786	AQAAAAIAAYagAAAAENK5qXUBaMBuUFBpttYV0aR626yy171wqlX3Fr6lZ3A63GhTGmRFWptH6uZm1Eu9Og==	08:00:00	16:00:00	Room 203, MediCare Center	Dr. John Smith is an experienced cardiologist and surgeon with over 15 years of practice. He specializes in preventive cardiology, minimally invasive surgery, and patient-centered care.	3
8	Willl	Adams	will.adams@medicare.com	123123123	AQAAAAIAAYagAAAAEG1OfI/VP+9Ve/Pd7xOJY+jimy78rx6YSiwatvhmnTiuw870d0SN6SxjCpEQh6T08g==	04:00:00	18:00:00	room 2	fdsgddffdf	0
5	David	Kowalski	david.kowalski@medicare.com	555666777	AQAAAAIAAYagAAAAEKh2N3ZC1HkP7HhKJ7blQ7tb4jHY0mM3PwOydZx5Lq3yW6SkmtFfw4tq1LZzW9zENg==	08:30:00	18:30:00	Room 101, MediCare Center	Dr. David Kowalski is a cardiologist focused on hypertension treatment, cardiac stress testing, and patient education.	0
10	Jann	Kowalskii	jan@medicare.com	123444444	AQAAAAIAAYagAAAAEIj3PvPR9RveClY/fFDcZ7PeSpfw+6g1fMHk2beiUicoznPE81mHNPbThWZ8cuxAow==	08:00:00	16:00:00	-	-	2
11	dsf	dsf	123@medicare.com	999565123	AQAAAAIAAYagAAAAEM8S7gv27etPf+onxL2TCs0LLEu2RooX2OQS9GC0m3u3oTBbooeCG1hAbuM6dI4TgQ==	08:00:00	16:00:00	-	-	2
12	sdfdx	dsfd	324fd@medicare.com	655434781	AQAAAAIAAYagAAAAEBi5cR7rQRIcJYOJxypRjh0zO1NbZkz/Inq7fm62wrdt0zF6bdE4k8AJcTayj2G3cA==	02:00:00	13:00:00	dsfdsfcs2343	dsdfsvbertetrvn	3
13	sad	sad	sad@medicare.com	123123123	AQAAAAIAAYagAAAAEI0/mlbZFWTn+blZREpg5K37BcayDsSKzQ7Xi24/dnGRBqlC05TO27VKsthVGi4FHQ==	02:00:00	03:00:00	fd	sad	2
\.


--
-- TOC entry 4878 (class 0 OID 319822)
-- Dependencies: 221
-- Data for Name: NewsItems; Type: TABLE DATA; Schema: public; Owner: postgres
--

COPY public."NewsItems" ("ID", "Title", "Description", "ImageURL", "Date") FROM stdin;
1	Free Blood Pressure Screening	Join us for a free blood pressure check and consultation with our cardiology team.	https://i.ibb.co/k2hBfcpL/blood-pressure.jpg	2025-10-05 02:00:00+02
2	Flu Vaccination Campaign	Get your flu shot before the season starts. No appointment needed.	https://i.ibb.co/BHxNtvLj/vaccination.jpg	2025-11-12 01:00:00+01
3	Healthy Eating Workshop	Learn how to prepare balanced meals with our nutritionist. Free entry.	https://i.ibb.co/HTVch19N/healthy-eating.jpg	2025-09-25 02:00:00+02
4	World Diabetes Day Awareness	Educational lectures and free glucose testing for all visitors.	https://i.ibb.co/1VTGg5c/diabetes.jpg	2025-11-14 01:00:00+01
\.


--
-- TOC entry 4880 (class 0 OID 319830)
-- Dependencies: 223
-- Data for Name: Patients; Type: TABLE DATA; Schema: public; Owner: postgres
--

COPY public."Patients" ("ID", "PESEL", "Name", "Surname", "Birthday", "Email", "PhoneNumber", "PasswordHash", "Status", "Role") FROM stdin;
3	80010112345	Anna	Kowalska	1980-01-01 00:00:00	anna.kowalska@example.com	555777888	...	1	1
4	75050567890	Piotr	Nowak	1975-05-05 00:00:00	piotr.nowak@example.com	555999000	...	1	1
1	90010112343	Michael	Brown	1990-01-01 00:00:00	michael.brown@example.com	555111222	AQAAAAIAAYagAAAAELg5sSlJ9Z8pG1rKefpy1Pbfql3D+S2J7bXiM77uUOfyfdvsBcOdh75oC42ktQ8h3w==	1	1
2	85050567891	Sarah	Williamss	1985-05-01 00:00:00	sarah.williams@example.comm	555333443	AQAAAAIAAYagAAAAELo4ftbkWmWkCzg4YbZhATzJFIRg6s7HBY322tgk4mquh9bHdQy3NraDhJLvnhjJEQ==	1	1
6	12364233333	Jan	Kowalski	2000-03-12 00:00:00	jan@email.com	123546123	AQAAAAIAAYagAAAAEI+q3at5Uv2ZuKWXkmw3cjUEM8Jshdr8GY92q++mjLkD7YNTagOfBslMld1LT8AhPQ==	1	1
7	12345678901	Jan	Kowalski	1990-01-01 00:00:00	jan.kowalski@test.com	123456789	AQAAAAIAAYagAAAAEKFA9M2yg+xSdYUb/eV3b3ZwLBNFo+20SnPW0zf0OxUbnq63Q5yzQDDAozMWoUZhdw==	1	1
8	12345678001	Jann	Kowall	2000-03-13 00:00:00	jann@email.com	123444441	AQAAAAIAAYagAAAAEKufc2KNe6YitU+EYcJd/LtTr5mNYjD0UoaCHfl6pY9TDeVYpbfnC/9EJ+nYHHxoqA==	2	1
10	56451234561	Jann	123dsf	2003-03-03 00:00:00	super@email.comdsf	123456129	AQAAAAIAAYagAAAAELzjxDUxunEXz3WU0wr3Xd65Q59ta8nXCacAF6zpBlgP8SkKTAEvE5KbOhDEI4jWJA==	1	1
11	45545645645	Eva	Robinson	1994-03-02 00:00:00	eva@emai.com	123456888	AQAAAAIAAYagAAAAEDlgjgli93G6mzBW9TEzqt2CjAOyrHak7S9y2sfwBi7doa2Pocy5PS2oSL8vh4gBhg==	1	1
\.


--
-- TOC entry 4886 (class 0 OID 319852)
-- Dependencies: 229
-- Data for Name: RefreshTokens; Type: TABLE DATA; Schema: public; Owner: postgres
--

COPY public."RefreshTokens" ("ID", "Token", "ExpiresAt", "IsRevoked", "PatientID", "DoctorID") FROM stdin;
34	ioAiRijAR+a/ioT9hp6qt2qeDhhiMy+9csyocgWwsQzXwSuIZf3Sa3AZvh9aStigpjvjURghFuju7eQSaz8o8w==	2025-11-14 11:19:42.479406+01	f	8	\N
22	MC4UIuLjHvj1v6jG2hjpwlBD8/JLmRhFUpgO0x/+/qBoTTfVCoBUMk7urgLod8/TGKCMt5RAVsezJkorYknMEA==	2025-11-12 20:23:33.166014+01	f	\N	10
23	qKMu/PV+/JpZTWsYVBM3CVUCP2ac6mzPpgjUPuBnfuLjQzcf0cO/9jSrIUQcpV/VmtozIi4Zzw0XoOqXSMU2oA==	2025-11-12 20:24:50.116972+01	f	6	\N
27	DBzrI8lT1VySHQ2kScpoleyCHC91kyV+tTV7t3eWiI+dIlVJVEnTRV6tltep1a+N5DRhmAs9gZh/NidM8+fhSw==	2025-11-12 21:34:06.978713+01	f	7	\N
47	styWYgiiWxiR3TqzoKkyUSNV7ZdyYIt6VrpRl2ceXm2zaKEyn1s/Jbx8K6uRsOzdiMuQH8Me4HkUisvWVmuDbg==	2025-11-16 11:22:05.976599+01	f	10	\N
50	ViUuFaPlNORq6kyY7qwPPHP2rlXRcD7cVmlPNgrVoLxiJJN+9+yepyC1mDuItBCCNp+bOoG3qeBeJnaqZ53Kvw==	2025-11-16 11:33:15.929688+01	f	\N	12
54	ivALoRYc6Q2RZR8R5WqFOO8xVuyyQpdXs6bSH98UgJNm9hV7nACeXWPEz4yu6QJLAlnZ/3Po6uWwaNmlPSU+ow==	2025-11-17 13:06:53.707308+01	f	\N	2
58	j38OHx1MoeW8GRDI3kM5rJvVH+kdR01GqlbYdnbghUipEOngujSIaS3ydJJjFyfVhOlfjAf0QZP7a/TIMRsnzA==	2025-12-13 12:35:43.216512+01	f	11	\N
59	/PJvQQjK0z2Tp2yCvRAlC08+8FTAj0HepS2Sh8jJEcZATK4+VRF4fd4xRA8s5RRTnD5IADb0o8dQvCQ5fJetrQ==	2025-12-13 12:37:46.6104+01	f	1	\N
60	nUlGWqdsJERamIeyx4fQ6kDcigniQ+TVZl7su8x7+foS3vhmeLV+N66xJE2QF4vlpI2Mg93kZ8MX5kseFnlwxQ==	2025-12-13 12:38:26.701448+01	f	\N	1
\.


--
-- TOC entry 4882 (class 0 OID 319838)
-- Dependencies: 225
-- Data for Name: Rooms; Type: TABLE DATA; Schema: public; Owner: postgres
--

COPY public."Rooms" ("ID", "RoomNumber", "RoomType") FROM stdin;
2	102	Orthopedic Consultation Room
3	103	Dermatology Consultation Room
5	104	Cardiology Consultation Room
6	106	Orthopedic Consultation Room
8	107	Dermatology Consultation Room
1	1000	Cardiology Consultation Room
\.


--
-- TOC entry 4888 (class 0 OID 319884)
-- Dependencies: 231
-- Data for Name: SpecializationRooms; Type: TABLE DATA; Schema: public; Owner: postgres
--

COPY public."SpecializationRooms" ("SpecializationID", "RoomID") FROM stdin;
1	1
1	5
2	2
2	6
3	3
3	8
\.


--
-- TOC entry 4884 (class 0 OID 319844)
-- Dependencies: 227
-- Data for Name: Specializations; Type: TABLE DATA; Schema: public; Owner: postgres
--

COPY public."Specializations" ("ID", "SpecializationName", "SpecializationDescription", "SpecializationHighlight") FROM stdin;
1	Cardiologist	Specialist in heart diseases	Protect your heart with expert cardiovascular care and diagnostics.
2	Orthopedic Surgeon	Specialist in musculoskeletal system injuries and disorders	Restore mobility and strength with advanced orthopedic solutions
3	Dermatologist	Specialist in skin conditions	Healthy skin starts here comprehensive dermatological treatments for all ages.
\.


--
-- TOC entry 4890 (class 0 OID 319900)
-- Dependencies: 233
-- Data for Name: Visits; Type: TABLE DATA; Schema: public; Owner: postgres
--

COPY public."Visits" ("ID", "VisitDate", "VisitTime", "DoctorID", "PatientID", "Status", "Reason", "AdditionalNotes", "RoomID", "SpecializationID", "VisitNotes", "PrescriptionText") FROM stdin;
8	2025-10-31	10:30:00	3	1	3	1		1	1	\N	\N
9	2025-10-31	12:30:00	3	1	3	1		1	1	\N	\N
10	2025-10-31	11:30:00	5	1	3	1		1	1	\N	\N
12	2025-11-07	13:00:00	1	6	1	4		3	3	\N	\N
11	2025-11-06	08:30:00	3	6	3	3	fghg	1	1	\N	\N
13	2025-11-06	10:00:00	1	1	3	1	Integration test visit	1	1	\N	\N
3	2025-10-22	10:30:00	1	2	2	2	Checkup after previous visit.	1	1	Patient recovering well, continue current treatment.	Vitamin D 2000 IU daily for 3 months
1	2025-10-22	11:00:00	1	1	2	4	Please discuss the test results in advance.dsfdsfsdf	1	1	dfssdfsdf	fsfds
2	2025-10-21	13:00:00	2	2	1	4	\N	2	2	\N	\N
4	2025-10-25	11:00:00	3	3	2	4	Routine annual checkup.	3	3	dffddf	gdddf
5	2025-10-27	15:00:00	2	4	1	1	Patient complains of recurring headaches.	2	2	fsdf32	fdsfds
6	2025-10-31	09:30:00	2	1	3	1	ggfjh	2	2	er56345	fggfgh
14	2025-11-07	08:00:00	3	1	3	1		1	1	\N	\N
15	2025-11-07	09:30:00	3	1	3	1		1	1	\N	\N
16	2025-11-07	09:30:00	5	1	3	1		5	1	\N	\N
17	2025-11-07	08:30:00	3	1	3	1		1	1	\N	\N
18	2025-11-07	08:00:00	3	1	1	1		1	1	\N	\N
19	2025-11-07	08:00:00	1	1	1	1		5	1	\N	\N
20	2025-11-07	09:30:00	3	1	3	1		1	1	\N	\N
21	2025-11-07	09:30:00	3	1	1	1		1	1	\N	\N
23	2025-11-10	15:30:00	8	8	1	2	sadasd	2	2	\N	\N
22	2025-11-10	11:30:00	5	8	2	3	dfs	1	1	ddd	df
24	2025-11-10	11:30:00	10	1	1	2	dasads	5	1	\N	\N
25	2025-11-12	08:30:00	11	10	1	1		2	2	\N	\N
7	2025-11-30	00:00:00	4	1	3	1	gh	1	1	ghj	gh
26	2025-12-10	12:30:00	8	11	1	1		2	2	\N	\N
27	2025-12-10	14:00:00	3	11	1	3		5	1	\N	\N
28	2025-12-23	09:30:00	2	11	1	3	I need new one.	2	2	\N	\N
29	2025-12-23	14:30:00	2	1	1	4		2	2	\N	\N
\.


--
-- TOC entry 4874 (class 0 OID 319808)
-- Dependencies: 217
-- Data for Name: __EFMigrationsHistory; Type: TABLE DATA; Schema: public; Owner: postgres
--

COPY public."__EFMigrationsHistory" ("MigrationId", "ProductVersion") FROM stdin;
20251026090417_InitClean	8.0.8
20251030152659_AddStatusToPatient	8.0.8
20251031104501_finalFixMigration	8.0.8
20251031180315_addRoles	8.0.8
20251102102541_moveEnums	8.0.8
20251104130934_AddUniqueSpec	8.0.8
\.


--
-- TOC entry 4896 (class 0 OID 0)
-- Dependencies: 218
-- Name: Doctors_ID_seq; Type: SEQUENCE SET; Schema: public; Owner: postgres
--

SELECT pg_catalog.setval('public."Doctors_ID_seq"', 13, true);


--
-- TOC entry 4897 (class 0 OID 0)
-- Dependencies: 220
-- Name: NewsItems_ID_seq; Type: SEQUENCE SET; Schema: public; Owner: postgres
--

SELECT pg_catalog.setval('public."NewsItems_ID_seq"', 7, true);


--
-- TOC entry 4898 (class 0 OID 0)
-- Dependencies: 222
-- Name: Patients_ID_seq; Type: SEQUENCE SET; Schema: public; Owner: postgres
--

SELECT pg_catalog.setval('public."Patients_ID_seq"', 11, true);


--
-- TOC entry 4899 (class 0 OID 0)
-- Dependencies: 228
-- Name: RefreshTokens_ID_seq; Type: SEQUENCE SET; Schema: public; Owner: postgres
--

SELECT pg_catalog.setval('public."RefreshTokens_ID_seq"', 60, true);


--
-- TOC entry 4900 (class 0 OID 0)
-- Dependencies: 224
-- Name: Rooms_ID_seq; Type: SEQUENCE SET; Schema: public; Owner: postgres
--

SELECT pg_catalog.setval('public."Rooms_ID_seq"', 10, true);


--
-- TOC entry 4901 (class 0 OID 0)
-- Dependencies: 226
-- Name: Specializations_ID_seq; Type: SEQUENCE SET; Schema: public; Owner: postgres
--

SELECT pg_catalog.setval('public."Specializations_ID_seq"', 13, true);


--
-- TOC entry 4902 (class 0 OID 0)
-- Dependencies: 232
-- Name: Visits_ID_seq; Type: SEQUENCE SET; Schema: public; Owner: postgres
--

SELECT pg_catalog.setval('public."Visits_ID_seq"', 29, true);


--
-- TOC entry 4709 (class 2606 OID 319873)
-- Name: DoctorSpecialization PK_DoctorSpecialization; Type: CONSTRAINT; Schema: public; Owner: postgres
--

ALTER TABLE ONLY public."DoctorSpecialization"
    ADD CONSTRAINT "PK_DoctorSpecialization" PRIMARY KEY ("DoctorID", "SpecializationID");


--
-- TOC entry 4690 (class 2606 OID 319820)
-- Name: Doctors PK_Doctors; Type: CONSTRAINT; Schema: public; Owner: postgres
--

ALTER TABLE ONLY public."Doctors"
    ADD CONSTRAINT "PK_Doctors" PRIMARY KEY ("ID");


--
-- TOC entry 4692 (class 2606 OID 319828)
-- Name: NewsItems PK_NewsItems; Type: CONSTRAINT; Schema: public; Owner: postgres
--

ALTER TABLE ONLY public."NewsItems"
    ADD CONSTRAINT "PK_NewsItems" PRIMARY KEY ("ID");


--
-- TOC entry 4696 (class 2606 OID 319836)
-- Name: Patients PK_Patients; Type: CONSTRAINT; Schema: public; Owner: postgres
--

ALTER TABLE ONLY public."Patients"
    ADD CONSTRAINT "PK_Patients" PRIMARY KEY ("ID");


--
-- TOC entry 4706 (class 2606 OID 319858)
-- Name: RefreshTokens PK_RefreshTokens; Type: CONSTRAINT; Schema: public; Owner: postgres
--

ALTER TABLE ONLY public."RefreshTokens"
    ADD CONSTRAINT "PK_RefreshTokens" PRIMARY KEY ("ID");


--
-- TOC entry 4699 (class 2606 OID 319842)
-- Name: Rooms PK_Rooms; Type: CONSTRAINT; Schema: public; Owner: postgres
--

ALTER TABLE ONLY public."Rooms"
    ADD CONSTRAINT "PK_Rooms" PRIMARY KEY ("ID");


--
-- TOC entry 4712 (class 2606 OID 319888)
-- Name: SpecializationRooms PK_SpecializationRooms; Type: CONSTRAINT; Schema: public; Owner: postgres
--

ALTER TABLE ONLY public."SpecializationRooms"
    ADD CONSTRAINT "PK_SpecializationRooms" PRIMARY KEY ("SpecializationID", "RoomID");


--
-- TOC entry 4702 (class 2606 OID 319850)
-- Name: Specializations PK_Specializations; Type: CONSTRAINT; Schema: public; Owner: postgres
--

ALTER TABLE ONLY public."Specializations"
    ADD CONSTRAINT "PK_Specializations" PRIMARY KEY ("ID");


--
-- TOC entry 4718 (class 2606 OID 319906)
-- Name: Visits PK_Visits; Type: CONSTRAINT; Schema: public; Owner: postgres
--

ALTER TABLE ONLY public."Visits"
    ADD CONSTRAINT "PK_Visits" PRIMARY KEY ("ID");


--
-- TOC entry 4687 (class 2606 OID 319812)
-- Name: __EFMigrationsHistory PK___EFMigrationsHistory; Type: CONSTRAINT; Schema: public; Owner: postgres
--

ALTER TABLE ONLY public."__EFMigrationsHistory"
    ADD CONSTRAINT "PK___EFMigrationsHistory" PRIMARY KEY ("MigrationId");


--
-- TOC entry 4707 (class 1259 OID 319928)
-- Name: IX_DoctorSpecialization_SpecializationID; Type: INDEX; Schema: public; Owner: postgres
--

CREATE INDEX "IX_DoctorSpecialization_SpecializationID" ON public."DoctorSpecialization" USING btree ("SpecializationID");


--
-- TOC entry 4688 (class 1259 OID 319927)
-- Name: IX_Doctors_Email; Type: INDEX; Schema: public; Owner: postgres
--

CREATE UNIQUE INDEX "IX_Doctors_Email" ON public."Doctors" USING btree ("Email");


--
-- TOC entry 4693 (class 1259 OID 319929)
-- Name: IX_Patients_Email; Type: INDEX; Schema: public; Owner: postgres
--

CREATE UNIQUE INDEX "IX_Patients_Email" ON public."Patients" USING btree ("Email");


--
-- TOC entry 4694 (class 1259 OID 319930)
-- Name: IX_Patients_PESEL; Type: INDEX; Schema: public; Owner: postgres
--

CREATE UNIQUE INDEX "IX_Patients_PESEL" ON public."Patients" USING btree ("PESEL");


--
-- TOC entry 4703 (class 1259 OID 319943)
-- Name: IX_RefreshTokens_DoctorID; Type: INDEX; Schema: public; Owner: postgres
--

CREATE UNIQUE INDEX "IX_RefreshTokens_DoctorID" ON public."RefreshTokens" USING btree ("DoctorID");


--
-- TOC entry 4704 (class 1259 OID 319944)
-- Name: IX_RefreshTokens_PatientID; Type: INDEX; Schema: public; Owner: postgres
--

CREATE UNIQUE INDEX "IX_RefreshTokens_PatientID" ON public."RefreshTokens" USING btree ("PatientID");


--
-- TOC entry 4697 (class 1259 OID 319933)
-- Name: IX_Rooms_RoomNumber; Type: INDEX; Schema: public; Owner: postgres
--

CREATE UNIQUE INDEX "IX_Rooms_RoomNumber" ON public."Rooms" USING btree ("RoomNumber");


--
-- TOC entry 4710 (class 1259 OID 319934)
-- Name: IX_SpecializationRooms_RoomID; Type: INDEX; Schema: public; Owner: postgres
--

CREATE INDEX "IX_SpecializationRooms_RoomID" ON public."SpecializationRooms" USING btree ("RoomID");


--
-- TOC entry 4700 (class 1259 OID 328151)
-- Name: IX_Specializations_SpecializationName; Type: INDEX; Schema: public; Owner: postgres
--

CREATE UNIQUE INDEX "IX_Specializations_SpecializationName" ON public."Specializations" USING btree ("SpecializationName");


--
-- TOC entry 4713 (class 1259 OID 319935)
-- Name: IX_Visits_DoctorID; Type: INDEX; Schema: public; Owner: postgres
--

CREATE INDEX "IX_Visits_DoctorID" ON public."Visits" USING btree ("DoctorID");


--
-- TOC entry 4714 (class 1259 OID 319936)
-- Name: IX_Visits_PatientID; Type: INDEX; Schema: public; Owner: postgres
--

CREATE INDEX "IX_Visits_PatientID" ON public."Visits" USING btree ("PatientID");


--
-- TOC entry 4715 (class 1259 OID 319937)
-- Name: IX_Visits_RoomID; Type: INDEX; Schema: public; Owner: postgres
--

CREATE INDEX "IX_Visits_RoomID" ON public."Visits" USING btree ("RoomID");


--
-- TOC entry 4716 (class 1259 OID 319938)
-- Name: IX_Visits_SpecializationID; Type: INDEX; Schema: public; Owner: postgres
--

CREATE INDEX "IX_Visits_SpecializationID" ON public."Visits" USING btree ("SpecializationID");


--
-- TOC entry 4721 (class 2606 OID 319874)
-- Name: DoctorSpecialization FK_DoctorSpecialization_Doctors_DoctorID; Type: FK CONSTRAINT; Schema: public; Owner: postgres
--

ALTER TABLE ONLY public."DoctorSpecialization"
    ADD CONSTRAINT "FK_DoctorSpecialization_Doctors_DoctorID" FOREIGN KEY ("DoctorID") REFERENCES public."Doctors"("ID") ON DELETE CASCADE;


--
-- TOC entry 4722 (class 2606 OID 319879)
-- Name: DoctorSpecialization FK_DoctorSpecialization_Specializations_SpecializationID; Type: FK CONSTRAINT; Schema: public; Owner: postgres
--

ALTER TABLE ONLY public."DoctorSpecialization"
    ADD CONSTRAINT "FK_DoctorSpecialization_Specializations_SpecializationID" FOREIGN KEY ("SpecializationID") REFERENCES public."Specializations"("ID") ON DELETE CASCADE;


--
-- TOC entry 4719 (class 2606 OID 319859)
-- Name: RefreshTokens FK_RefreshTokens_Doctors_DoctorID; Type: FK CONSTRAINT; Schema: public; Owner: postgres
--

ALTER TABLE ONLY public."RefreshTokens"
    ADD CONSTRAINT "FK_RefreshTokens_Doctors_DoctorID" FOREIGN KEY ("DoctorID") REFERENCES public."Doctors"("ID");


--
-- TOC entry 4720 (class 2606 OID 319864)
-- Name: RefreshTokens FK_RefreshTokens_Patients_PatientID; Type: FK CONSTRAINT; Schema: public; Owner: postgres
--

ALTER TABLE ONLY public."RefreshTokens"
    ADD CONSTRAINT "FK_RefreshTokens_Patients_PatientID" FOREIGN KEY ("PatientID") REFERENCES public."Patients"("ID");


--
-- TOC entry 4723 (class 2606 OID 319889)
-- Name: SpecializationRooms FK_SpecializationRooms_Rooms_RoomID; Type: FK CONSTRAINT; Schema: public; Owner: postgres
--

ALTER TABLE ONLY public."SpecializationRooms"
    ADD CONSTRAINT "FK_SpecializationRooms_Rooms_RoomID" FOREIGN KEY ("RoomID") REFERENCES public."Rooms"("ID") ON DELETE CASCADE;


--
-- TOC entry 4724 (class 2606 OID 319894)
-- Name: SpecializationRooms FK_SpecializationRooms_Specializations_SpecializationID; Type: FK CONSTRAINT; Schema: public; Owner: postgres
--

ALTER TABLE ONLY public."SpecializationRooms"
    ADD CONSTRAINT "FK_SpecializationRooms_Specializations_SpecializationID" FOREIGN KEY ("SpecializationID") REFERENCES public."Specializations"("ID") ON DELETE CASCADE;


--
-- TOC entry 4725 (class 2606 OID 319907)
-- Name: Visits FK_Visits_Doctors_DoctorID; Type: FK CONSTRAINT; Schema: public; Owner: postgres
--

ALTER TABLE ONLY public."Visits"
    ADD CONSTRAINT "FK_Visits_Doctors_DoctorID" FOREIGN KEY ("DoctorID") REFERENCES public."Doctors"("ID") ON DELETE RESTRICT;


--
-- TOC entry 4726 (class 2606 OID 319912)
-- Name: Visits FK_Visits_Patients_PatientID; Type: FK CONSTRAINT; Schema: public; Owner: postgres
--

ALTER TABLE ONLY public."Visits"
    ADD CONSTRAINT "FK_Visits_Patients_PatientID" FOREIGN KEY ("PatientID") REFERENCES public."Patients"("ID") ON DELETE CASCADE;


--
-- TOC entry 4727 (class 2606 OID 319917)
-- Name: Visits FK_Visits_Rooms_RoomID; Type: FK CONSTRAINT; Schema: public; Owner: postgres
--

ALTER TABLE ONLY public."Visits"
    ADD CONSTRAINT "FK_Visits_Rooms_RoomID" FOREIGN KEY ("RoomID") REFERENCES public."Rooms"("ID") ON DELETE RESTRICT;


--
-- TOC entry 4728 (class 2606 OID 319922)
-- Name: Visits FK_Visits_Specializations_SpecializationID; Type: FK CONSTRAINT; Schema: public; Owner: postgres
--

ALTER TABLE ONLY public."Visits"
    ADD CONSTRAINT "FK_Visits_Specializations_SpecializationID" FOREIGN KEY ("SpecializationID") REFERENCES public."Specializations"("ID") ON DELETE RESTRICT;


-- Completed on 2025-12-06 12:39:38

--
-- PostgreSQL database dump complete
--

\unrestrict hFNtxe9rnEEr06aQFKiHZlK9w06D27dRqLhdA97kvjOXOBG7WDWP7Zsa9aq22bS

