--
-- postgresQL database dump
--

\restrict WTa2cixsIvIpmuNf2b2mOcbfuhgjKh4k517h1CaKGJSmUUcPPyuG3FzYIBf46JT

-- Dumped from database version 17.6
-- Dumped by pg_dump version 17.6

-- Started on 2025-11-28 14:14:51

SET statement_timeout = 0;
SET lock_timeout = 0;
SET idle_in_transaction_session_timeout = 0;
-- SET transaction_timeout = 0;
SET client_encoding = 'UTF8';
SET standard_conforming_strings = on;
SELECT pg_catalog.set_config('search_path', '', false);
SET check_function_bodies = false;
SET xmloption = content;
SET client_min_messages = warning;
SET row_security = off;

SET default_tablespace = '';

SET default_table_access_method = heap;

--
-- TOC entry 230 (class 1259 OID 17204)
-- Name: DoctorSpecialization; Type: TABLE; Schema: public; Owner: postgres
--

CREATE TABLE public."DoctorSpecialization" (
    "DoctorID" integer NOT NULL,
    "SpecializationID" integer NOT NULL
);


ALTER TABLE public."DoctorSpecialization" OWNER TO postgres;

--
-- TOC entry 219 (class 1259 OID 17149)
-- Name: Doctors; Type: TABLE; Schema: public; Owner: postgres
--

CREATE TABLE public."Doctors" (
    "ID" integer NOT NULL,
    "Name" character varying(50) NOT NULL,
    "Surname" character varying(50) NOT NULL,
    "Email" character varying(255) NOT NULL,
    "PhoneNumber" character varying(255) NOT NULL,
    "PasswordHash" character varying(255) NOT NULL,
    "StartHour" time without time zone NOT NULL,
    "EndHour" time without time zone NOT NULL,
    "Facility" character varying(255) NOT NULL,
    "DoctorDescription" text NOT NULL,
    "Role" integer DEFAULT 0 NOT NULL
);


ALTER TABLE public."Doctors" OWNER TO postgres;

--
-- TOC entry 218 (class 1259 OID 17148)
-- Name: Doctors_ID_seq; Type: SEQUENCE; Schema: public; Owner: postgres
--

ALTER TABLE public."Doctors" ALTER COLUMN "ID" ADD GENERATED BY DEFAULT AS IDENTITY (
    SEQUENCE NAME public."Doctors_ID_seq"
    START WITH 1
    INCREMENT BY 1
    NO MINVALUE
    NO MAXVALUE
    CACHE 1
);


--
-- TOC entry 221 (class 1259 OID 17157)
-- Name: NewsItems; Type: TABLE; Schema: public; Owner: postgres
--

CREATE TABLE public."NewsItems" (
    "ID" integer NOT NULL,
    "Title" character varying(255) NOT NULL,
    "Description" text NOT NULL,
    "ImageURL" text NOT NULL,
    "Date" timestamp with time zone NOT NULL
);


ALTER TABLE public."NewsItems" OWNER TO postgres;

--
-- TOC entry 220 (class 1259 OID 17156)
-- Name: NewsItems_ID_seq; Type: SEQUENCE; Schema: public; Owner: postgres
--

ALTER TABLE public."NewsItems" ALTER COLUMN "ID" ADD GENERATED BY DEFAULT AS IDENTITY (
    SEQUENCE NAME public."NewsItems_ID_seq"
    START WITH 1
    INCREMENT BY 1
    NO MINVALUE
    NO MAXVALUE
    CACHE 1
);


--
-- TOC entry 223 (class 1259 OID 17165)
-- Name: Patients; Type: TABLE; Schema: public; Owner: postgres
--

CREATE TABLE public."Patients" (
    "ID" integer NOT NULL,
    "PESEL" character varying(11) NOT NULL,
    "Name" character varying(50) NOT NULL,
    "Surname" character varying(50) NOT NULL,
    "Birthday" timestamp without time zone NOT NULL,
    "Email" character varying(255) NOT NULL,
    "PhoneNumber" character varying(255) NOT NULL,
    "PasswordHash" character varying(255) NOT NULL,
    "Status" integer DEFAULT 1 NOT NULL,
    "Role" integer DEFAULT 0 NOT NULL
);


ALTER TABLE public."Patients" OWNER TO postgres;

--
-- TOC entry 222 (class 1259 OID 17164)
-- Name: Patients_ID_seq; Type: SEQUENCE; Schema: public; Owner: postgres
--

ALTER TABLE public."Patients" ALTER COLUMN "ID" ADD GENERATED BY DEFAULT AS IDENTITY (
    SEQUENCE NAME public."Patients_ID_seq"
    START WITH 1
    INCREMENT BY 1
    NO MINVALUE
    NO MAXVALUE
    CACHE 1
);


--
-- TOC entry 229 (class 1259 OID 17187)
-- Name: RefreshTokens; Type: TABLE; Schema: public; Owner: postgres
--

CREATE TABLE public."RefreshTokens" (
    "ID" integer NOT NULL,
    "Token" text NOT NULL,
    "ExpiresAt" timestamp with time zone NOT NULL,
    "IsRevoked" boolean NOT NULL,
    "PatientID" integer,
    "DoctorID" integer
);


ALTER TABLE public."RefreshTokens" OWNER TO postgres;

--
-- TOC entry 228 (class 1259 OID 17186)
-- Name: RefreshTokens_ID_seq; Type: SEQUENCE; Schema: public; Owner: postgres
--

ALTER TABLE public."RefreshTokens" ALTER COLUMN "ID" ADD GENERATED BY DEFAULT AS IDENTITY (
    SEQUENCE NAME public."RefreshTokens_ID_seq"
    START WITH 1
    INCREMENT BY 1
    NO MINVALUE
    NO MAXVALUE
    CACHE 1
);


--
-- TOC entry 225 (class 1259 OID 17173)
-- Name: Rooms; Type: TABLE; Schema: public; Owner: postgres
--

CREATE TABLE public."Rooms" (
    "ID" integer NOT NULL,
    "RoomNumber" integer NOT NULL,
    "RoomType" character varying(255) NOT NULL
);


ALTER TABLE public."Rooms" OWNER TO postgres;

--
-- TOC entry 224 (class 1259 OID 17172)
-- Name: Rooms_ID_seq; Type: SEQUENCE; Schema: public; Owner: postgres
--

ALTER TABLE public."Rooms" ALTER COLUMN "ID" ADD GENERATED BY DEFAULT AS IDENTITY (
    SEQUENCE NAME public."Rooms_ID_seq"
    START WITH 1
    INCREMENT BY 1
    NO MINVALUE
    NO MAXVALUE
    CACHE 1
);


--
-- TOC entry 231 (class 1259 OID 17219)
-- Name: SpecializationRooms; Type: TABLE; Schema: public; Owner: postgres
--

CREATE TABLE public."SpecializationRooms" (
    "SpecializationID" integer NOT NULL,
    "RoomID" integer NOT NULL
);


ALTER TABLE public."SpecializationRooms" OWNER TO postgres;

--
-- TOC entry 227 (class 1259 OID 17179)
-- Name: Specializations; Type: TABLE; Schema: public; Owner: postgres
--

CREATE TABLE public."Specializations" (
    "ID" integer NOT NULL,
    "SpecializationName" character varying(255) NOT NULL,
    "SpecializationDescription" text NOT NULL,
    "SpecializationHighlight" text NOT NULL
);


ALTER TABLE public."Specializations" OWNER TO postgres;

--
-- TOC entry 226 (class 1259 OID 17178)
-- Name: Specializations_ID_seq; Type: SEQUENCE; Schema: public; Owner: postgres
--

ALTER TABLE public."Specializations" ALTER COLUMN "ID" ADD GENERATED BY DEFAULT AS IDENTITY (
    SEQUENCE NAME public."Specializations_ID_seq"
    START WITH 1
    INCREMENT BY 1
    NO MINVALUE
    NO MAXVALUE
    CACHE 1
);


--
-- TOC entry 233 (class 1259 OID 17235)
-- Name: Visits; Type: TABLE; Schema: public; Owner: postgres
--

CREATE TABLE public."Visits" (
    "ID" integer NOT NULL,
    "VisitDate" date NOT NULL,
    "VisitTime" time without time zone NOT NULL,
    "DoctorID" integer NOT NULL,
    "PatientID" integer NOT NULL,
    "Status" integer NOT NULL,
    "Reason" integer NOT NULL,
    "AdditionalNotes" text,
    "RoomID" integer NOT NULL,
    "SpecializationID" integer NOT NULL,
    "VisitNotes" text,
    "PrescriptionText" text
);


ALTER TABLE public."Visits" OWNER TO postgres;

--
-- TOC entry 232 (class 1259 OID 17234)
-- Name: Visits_ID_seq; Type: SEQUENCE; Schema: public; Owner: postgres
--

ALTER TABLE public."Visits" ALTER COLUMN "ID" ADD GENERATED BY DEFAULT AS IDENTITY (
    SEQUENCE NAME public."Visits_ID_seq"
    START WITH 1
    INCREMENT BY 1
    NO MINVALUE
    NO MAXVALUE
    CACHE 1
);


--
-- TOC entry 217 (class 1259 OID 17143)
-- Name: __EFMigrationsHistory; Type: TABLE; Schema: public; Owner: postgres
--

CREATE TABLE public."__EFMigrationsHistory" (
    "MigrationId" character varying(150) NOT NULL,
    "ProductVersion" character varying(32) NOT NULL
);


ALTER TABLE public."__EFMigrationsHistory" OWNER TO postgres;

--
-- TOC entry 4988 (class 0 OID 17204)
-- Dependencies: 230
-- Data for Name: DoctorSpecialization; Type: TABLE DATA; Schema: public; Owner: postgres
--

COPY public."DoctorSpecialization" ("DoctorID", "SpecializationID") FROM stdin;
1	1
1	3
2	2
3	1
4	1
5	1
7	3
7	4
\.


--
-- TOC entry 4977 (class 0 OID 17149)
-- Dependencies: 219
-- Data for Name: Doctors; Type: TABLE DATA; Schema: public; Owner: postgres
--

COPY public."Doctors" ("ID", "Name", "Surname", "Email", "PhoneNumber", "PasswordHash", "StartHour", "EndHour", "Facility", "DoctorDescription", "Role") FROM stdin;
2	Emily	Johnson	emily.johnson@medicare.com	987654321	AQAAAAIAAYagAAAAEK2wr62/vPT1IadjOSNuOLLQ9ECj5CKYZbod4yvHThIexqGnCcp5Yry6PpFG9WRYYw==	09:00:00	17:00:00	Building A, Floor 2, MediCare Center	Dr. Emily Johnson is a dedicated neurologist with over 10 years of experience. She focuses on patient-centered care, neurological diagnostics, and innovative treatment methods.	2
3	Michael	Anderson	michael.anderson@medicare.com	555111222	AQAAAAIAAYagAAAAEP8zA5dHE7nyVqBLoZwbn3FPUcUJDN4lB3E4uIv9H1sF5xW0+2Fi7vsmzJYgPNh8lA==	08:00:00	14:00:00	Room 104, MediCare Center	Dr. Michael Anderson is a skilled cardiologist specializing in arrhythmia management and cardiac imaging diagnostics.	2
4	Sophia	Martinez	sophia.martinez@medicare.com	555333444	AQAAAAIAAYagAAAAEPxZkz/F7fYxzUVEXn9xIQKo5Tk1DbiRdnXx7SC7pPjUJW1xVdYzqk5GfYjxyK6K+w==	10:00:00	18:00:00	Room 105, MediCare Center	Dr. Sophia Martinez has extensive experience in non-invasive cardiology and preventive heart health.	2
5	David	Kowalski	david.kowalski@medicare.com	555666777	AQAAAAIAAYagAAAAEKh2N3ZC1HkP7HhKJ7blQ7tb4jHY0mM3PwOydZx5Lq3yW6SkmtFfw4tq1LZzW9zENg==	07:30:00	15:30:00	Room 101, MediCare Center	Dr. David Kowalski is a cardiologist focused on hypertension treatment, cardiac stress testing, and patient education.	2
7	Evan	Chris	Evan.chris@medicare.com	888888888	AQAAAAIAAYagAAAAEKh2N3ZC1HkP7HhKJ7blQ7tb4jHY0mM3PwOydZx5Lq3yW6SkmtFfw4tq1LZzW9zENg==	07:30:00	15:30:00	Room 101, MediCare Center	Dr. Evan Chris is a cardiologist focused on hypertension treatment, cardiac stress testing, and patient education.	3
1	John	Smith	john.smith@medicare.com	123456789	AQAAAAIAAYagAAAAEDHjOxXDTwvhaYjCsGvR2fBx3jzxtJQKzJXOjtmuhyIe4x1CURecxs/OBM6HPm8N2g==	08:00:00	16:00:00	Room 203, MediCare Center	Dr. John Smith is an experienced cardiologist and surgeon with over 15 years of practice. He specializes in preventive cardiology, minimally invasive surgery, and patient-centered care.	3
\.


--
-- TOC entry 4979 (class 0 OID 17157)
-- Dependencies: 221
-- Data for Name: NewsItems; Type: TABLE DATA; Schema: public; Owner: postgres
--

COPY public."NewsItems" ("ID", "Title", "Description", "ImageURL", "Date") FROM stdin;
1	Free Blood Pressure Screening	Join us for a free blood pressure check and consultation with our cardiology team.	https://i.ibb.co/k2hBfcpL/blood-pressure.jpg	2025-10-05 02:00:00+02
2	Flu Vaccination Campaign	Get your flu shot before the season starts. No appointment needed.	https://i.ibb.co/BHxNtvLj/vaccination.jpg	2025-11-12 01:00:00+01
3	Healthy Eating Workshop	Learn how to prepare balanced meals with our nutritionist. Free entry.	https://i.ibb.co/HTVch19N/healthy-eating.jpg	2025-09-25 02:00:00+02
4	World Diabetes Day Awareness	Educational lectures and free glucose testing for all visitors.	https://i.ibb.co/1VTGg5c/diabetes.jpg	2025-11-14 01:00:00+01
5	nigga	ANNOUCEMENT		2025-11-12 01:00:00+01
\.


--
-- TOC entry 4981 (class 0 OID 17165)
-- Dependencies: 223
-- Data for Name: Patients; Type: TABLE DATA; Schema: public; Owner: postgres
--

COPY public."Patients" ("ID", "PESEL", "Name", "Surname", "Birthday", "Email", "PhoneNumber", "PasswordHash", "Status", "Role") FROM stdin;
2	85050567890	Sarah	Williams	1985-05-05 00:00:00	sarah.williams@example.com	555333444	AQAAAAIAAYagAAAAELo4ftbkWmWkCzg4YbZhATzJFIRg6s7HBY322tgk4mquh9bHdQy3NraDhJLvnhjJEQ==	1	1
3	80010112345	Anna	Kowalska	1980-01-01 00:00:00	anna.kowalska@example.com	555777888	...	1	1
1	90010112345	Michael	Brown	1990-01-01 00:00:00	michael.brown@example.com	555111222	AQAAAAIAAYagAAAAEDEhT9m3lNbw12t3DoNwUQaYSYhoORv8CKNxu0WPdIyruM5ydKbI9Pvr7jVzyD4WZA==	1	1
\.


--
-- TOC entry 4987 (class 0 OID 17187)
-- Dependencies: 229
-- Data for Name: RefreshTokens; Type: TABLE DATA; Schema: public; Owner: postgres
--

COPY public."RefreshTokens" ("ID", "Token", "ExpiresAt", "IsRevoked", "PatientID", "DoctorID") FROM stdin;
9	0tKpgspQ8ZuweeBL8dKp5bubOgqRP4uzBeQpqPjT6GvSC/vhTUE1ZOjoBNB5TNXGGnpzeQv2oWG12os6PQIV5w==	2025-11-17 13:13:29.022266+01	f	1	\N
11	us+IpxyXcUb0olDPfiwRkNBm6pYeNsjNfRQ9A9jpDU67LO6hYD2jr0oo816TGCM35bQpLyg+/zpgaXQuTmaR6A==	2025-11-17 13:14:22.773858+01	f	\N	1
12	Zh45pA19Ztp5GpcmiHHfVFFmmGRWgaUzWYbtieRiQmxU9mG4/8MUvBT51fMTpfhmPRLfY3Grg1OjkBrjQx4SLg==	2025-12-05 13:37:34.57761+01	f	\N	2
\.


--
-- TOC entry 4983 (class 0 OID 17173)
-- Dependencies: 225
-- Data for Name: Rooms; Type: TABLE DATA; Schema: public; Owner: postgres
--

COPY public."Rooms" ("ID", "RoomNumber", "RoomType") FROM stdin;
1	101	Cardiology Consultation Room
2	102	Orthopedic Consultation Room
3	103	Dermatology Consultation Room
5	104	Cardiology Consultation Room
6	106	Orthopedic Consultation Room
8	107	Dermatology Consultation Room
\.


--
-- TOC entry 4989 (class 0 OID 17219)
-- Dependencies: 231
-- Data for Name: SpecializationRooms; Type: TABLE DATA; Schema: public; Owner: postgres
--

COPY public."SpecializationRooms" ("SpecializationID", "RoomID") FROM stdin;
1	1
1	5
2	2
2	6
3	3
3	8
\.


--
-- TOC entry 4985 (class 0 OID 17179)
-- Dependencies: 227
-- Data for Name: Specializations; Type: TABLE DATA; Schema: public; Owner: postgres
--

COPY public."Specializations" ("ID", "SpecializationName", "SpecializationDescription", "SpecializationHighlight") FROM stdin;
1	Cardiologist	Specialist in heart diseases	Protect your heart with expert cardiovascular care and diagnostics.
2	Orthopedic Surgeon	Specialist in musculoskeletal system injuries and disorders	Restore mobility and strength with advanced orthopedic solutions
3	Dermatologist	Specialist in skin conditions	Healthy skin starts here comprehensive dermatological treatments for all ages.
4	skibidi	asdsdafafs	sdfsdfsdf
\.


--
-- TOC entry 4991 (class 0 OID 17235)
-- Dependencies: 233
-- Data for Name: Visits; Type: TABLE DATA; Schema: public; Owner: postgres
--

COPY public."Visits" ("ID", "VisitDate", "VisitTime", "DoctorID", "PatientID", "Status", "Reason", "AdditionalNotes", "RoomID", "SpecializationID", "VisitNotes", "PrescriptionText") FROM stdin;
1	2025-10-20	10:30:00	1	1	1	1	Please discuss the test results in advance.	1	1	\N	\N
2	2025-10-21	13:00:00	2	2	1	3	\N	2	2	\N	\N
3	2025-10-22	09:30:00	1	2	2	2	Checkup after previous visit.	1	1	Patient recovering well, continue current treatment.	Vitamin D 2000 IU daily for 3 months
4	2025-10-25	11:00:00	3	3	2	4	Routine annual checkup.	3	3	All vitals normal, recommend regular exercise.	\N
6	2025-11-12	15:30:00	1	1	3	2	pomocy umieram	1	1	\N	\N
7	2025-11-12	15:30:00	1	1	3	3	chuj dedam	1	1	nigg	nieeeee
\.


--
-- TOC entry 4975 (class 0 OID 17143)
-- Dependencies: 217
-- Data for Name: __EFMigrationsHistory; Type: TABLE DATA; Schema: public; Owner: postgres
--

COPY public."__EFMigrationsHistory" ("MigrationId", "ProductVersion") FROM stdin;
20251026090417_InitClean	8.0.8
20251030152659_AddStatusToPatient	8.0.8
20251031104501_finalFixMigration	8.0.8
20251031180315_addRoles	8.0.8
20251102102541_moveEnums	8.0.8
20251104130934_AddUniqueSpec	8.0.8
\.


--
-- TOC entry 4997 (class 0 OID 0)
-- Dependencies: 218
-- Name: Doctors_ID_seq; Type: SEQUENCE SET; Schema: public; Owner: postgres
--

SELECT pg_catalog.setval('public."Doctors_ID_seq"', 8, false);


--
-- TOC entry 4998 (class 0 OID 0)
-- Dependencies: 220
-- Name: NewsItems_ID_seq; Type: SEQUENCE SET; Schema: public; Owner: postgres
--

SELECT pg_catalog.setval('public."NewsItems_ID_seq"', 5, true);


--
-- TOC entry 4999 (class 0 OID 0)
-- Dependencies: 222
-- Name: Patients_ID_seq; Type: SEQUENCE SET; Schema: public; Owner: postgres
--

SELECT pg_catalog.setval('public."Patients_ID_seq"', 5, false);


--
-- TOC entry 5000 (class 0 OID 0)
-- Dependencies: 228
-- Name: RefreshTokens_ID_seq; Type: SEQUENCE SET; Schema: public; Owner: postgres
--

SELECT pg_catalog.setval('public."RefreshTokens_ID_seq"', 12, true);


--
-- TOC entry 5001 (class 0 OID 0)
-- Dependencies: 224
-- Name: Rooms_ID_seq; Type: SEQUENCE SET; Schema: public; Owner: postgres
--

SELECT pg_catalog.setval('public."Rooms_ID_seq"', 9, true);


--
-- TOC entry 5002 (class 0 OID 0)
-- Dependencies: 226
-- Name: Specializations_ID_seq; Type: SEQUENCE SET; Schema: public; Owner: postgres
--

SELECT pg_catalog.setval('public."Specializations_ID_seq"', 4, true);


--
-- TOC entry 5003 (class 0 OID 0)
-- Dependencies: 232
-- Name: Visits_ID_seq; Type: SEQUENCE SET; Schema: public; Owner: postgres
--

SELECT pg_catalog.setval('public."Visits_ID_seq"', 7, true);


--
-- TOC entry 4810 (class 2606 OID 17208)
-- Name: DoctorSpecialization PK_DoctorSpecialization; Type: CONSTRAINT; Schema: public; Owner: postgres
--

ALTER TABLE ONLY public."DoctorSpecialization"
    ADD CONSTRAINT "PK_DoctorSpecialization" PRIMARY KEY ("DoctorID", "SpecializationID");


--
-- TOC entry 4791 (class 2606 OID 17155)
-- Name: Doctors PK_Doctors; Type: CONSTRAINT; Schema: public; Owner: postgres
--

ALTER TABLE ONLY public."Doctors"
    ADD CONSTRAINT "PK_Doctors" PRIMARY KEY ("ID");


--
-- TOC entry 4793 (class 2606 OID 17163)
-- Name: NewsItems PK_NewsItems; Type: CONSTRAINT; Schema: public; Owner: postgres
--

ALTER TABLE ONLY public."NewsItems"
    ADD CONSTRAINT "PK_NewsItems" PRIMARY KEY ("ID");


--
-- TOC entry 4797 (class 2606 OID 17171)
-- Name: Patients PK_Patients; Type: CONSTRAINT; Schema: public; Owner: postgres
--

ALTER TABLE ONLY public."Patients"
    ADD CONSTRAINT "PK_Patients" PRIMARY KEY ("ID");


--
-- TOC entry 4807 (class 2606 OID 17193)
-- Name: RefreshTokens PK_RefreshTokens; Type: CONSTRAINT; Schema: public; Owner: postgres
--

ALTER TABLE ONLY public."RefreshTokens"
    ADD CONSTRAINT "PK_RefreshTokens" PRIMARY KEY ("ID");


--
-- TOC entry 4800 (class 2606 OID 17177)
-- Name: Rooms PK_Rooms; Type: CONSTRAINT; Schema: public; Owner: postgres
--

ALTER TABLE ONLY public."Rooms"
    ADD CONSTRAINT "PK_Rooms" PRIMARY KEY ("ID");


--
-- TOC entry 4813 (class 2606 OID 17223)
-- Name: SpecializationRooms PK_SpecializationRooms; Type: CONSTRAINT; Schema: public; Owner: postgres
--

ALTER TABLE ONLY public."SpecializationRooms"
    ADD CONSTRAINT "PK_SpecializationRooms" PRIMARY KEY ("SpecializationID", "RoomID");


--
-- TOC entry 4803 (class 2606 OID 17185)
-- Name: Specializations PK_Specializations; Type: CONSTRAINT; Schema: public; Owner: postgres
--

ALTER TABLE ONLY public."Specializations"
    ADD CONSTRAINT "PK_Specializations" PRIMARY KEY ("ID");


--
-- TOC entry 4819 (class 2606 OID 17241)
-- Name: Visits PK_Visits; Type: CONSTRAINT; Schema: public; Owner: postgres
--

ALTER TABLE ONLY public."Visits"
    ADD CONSTRAINT "PK_Visits" PRIMARY KEY ("ID");


--
-- TOC entry 4788 (class 2606 OID 17147)
-- Name: __EFMigrationsHistory PK___EFMigrationsHistory; Type: CONSTRAINT; Schema: public; Owner: postgres
--

ALTER TABLE ONLY public."__EFMigrationsHistory"
    ADD CONSTRAINT "PK___EFMigrationsHistory" PRIMARY KEY ("MigrationId");


--
-- TOC entry 4808 (class 1259 OID 17263)
-- Name: IX_DoctorSpecialization_SpecializationID; Type: INDEX; Schema: public; Owner: postgres
--

CREATE INDEX "IX_DoctorSpecialization_SpecializationID" ON public."DoctorSpecialization" USING btree ("SpecializationID");


--
-- TOC entry 4789 (class 1259 OID 17262)
-- Name: IX_Doctors_Email; Type: INDEX; Schema: public; Owner: postgres
--

CREATE UNIQUE INDEX "IX_Doctors_Email" ON public."Doctors" USING btree ("Email");


--
-- TOC entry 4794 (class 1259 OID 17264)
-- Name: IX_Patients_Email; Type: INDEX; Schema: public; Owner: postgres
--

CREATE UNIQUE INDEX "IX_Patients_Email" ON public."Patients" USING btree ("Email");


--
-- TOC entry 4795 (class 1259 OID 17265)
-- Name: IX_Patients_PESEL; Type: INDEX; Schema: public; Owner: postgres
--

CREATE UNIQUE INDEX "IX_Patients_PESEL" ON public."Patients" USING btree ("PESEL");


--
-- TOC entry 4804 (class 1259 OID 17275)
-- Name: IX_RefreshTokens_DoctorID; Type: INDEX; Schema: public; Owner: postgres
--

CREATE UNIQUE INDEX "IX_RefreshTokens_DoctorID" ON public."RefreshTokens" USING btree ("DoctorID");


--
-- TOC entry 4805 (class 1259 OID 17276)
-- Name: IX_RefreshTokens_PatientID; Type: INDEX; Schema: public; Owner: postgres
--

CREATE UNIQUE INDEX "IX_RefreshTokens_PatientID" ON public."RefreshTokens" USING btree ("PatientID");


--
-- TOC entry 4798 (class 1259 OID 17268)
-- Name: IX_Rooms_RoomNumber; Type: INDEX; Schema: public; Owner: postgres
--

CREATE UNIQUE INDEX "IX_Rooms_RoomNumber" ON public."Rooms" USING btree ("RoomNumber");


--
-- TOC entry 4811 (class 1259 OID 17269)
-- Name: IX_SpecializationRooms_RoomID; Type: INDEX; Schema: public; Owner: postgres
--

CREATE INDEX "IX_SpecializationRooms_RoomID" ON public."SpecializationRooms" USING btree ("RoomID");


--
-- TOC entry 4801 (class 1259 OID 17279)
-- Name: IX_Specializations_SpecializationName; Type: INDEX; Schema: public; Owner: postgres
--

CREATE UNIQUE INDEX "IX_Specializations_SpecializationName" ON public."Specializations" USING btree ("SpecializationName");


--
-- TOC entry 4814 (class 1259 OID 17270)
-- Name: IX_Visits_DoctorID; Type: INDEX; Schema: public; Owner: postgres
--

CREATE INDEX "IX_Visits_DoctorID" ON public."Visits" USING btree ("DoctorID");


--
-- TOC entry 4815 (class 1259 OID 17271)
-- Name: IX_Visits_PatientID; Type: INDEX; Schema: public; Owner: postgres
--

CREATE INDEX "IX_Visits_PatientID" ON public."Visits" USING btree ("PatientID");


--
-- TOC entry 4816 (class 1259 OID 17272)
-- Name: IX_Visits_RoomID; Type: INDEX; Schema: public; Owner: postgres
--

CREATE INDEX "IX_Visits_RoomID" ON public."Visits" USING btree ("RoomID");


--
-- TOC entry 4817 (class 1259 OID 17273)
-- Name: IX_Visits_SpecializationID; Type: INDEX; Schema: public; Owner: postgres
--

CREATE INDEX "IX_Visits_SpecializationID" ON public."Visits" USING btree ("SpecializationID");


--
-- TOC entry 4822 (class 2606 OID 17209)
-- Name: DoctorSpecialization FK_DoctorSpecialization_Doctors_DoctorID; Type: FK CONSTRAINT; Schema: public; Owner: postgres
--

ALTER TABLE ONLY public."DoctorSpecialization"
    ADD CONSTRAINT "FK_DoctorSpecialization_Doctors_DoctorID" FOREIGN KEY ("DoctorID") REFERENCES public."Doctors"("ID") ON DELETE CASCADE;


--
-- TOC entry 4823 (class 2606 OID 17214)
-- Name: DoctorSpecialization FK_DoctorSpecialization_Specializations_SpecializationID; Type: FK CONSTRAINT; Schema: public; Owner: postgres
--

ALTER TABLE ONLY public."DoctorSpecialization"
    ADD CONSTRAINT "FK_DoctorSpecialization_Specializations_SpecializationID" FOREIGN KEY ("SpecializationID") REFERENCES public."Specializations"("ID") ON DELETE CASCADE;


--
-- TOC entry 4820 (class 2606 OID 17194)
-- Name: RefreshTokens FK_RefreshTokens_Doctors_DoctorID; Type: FK CONSTRAINT; Schema: public; Owner: postgres
--

ALTER TABLE ONLY public."RefreshTokens"
    ADD CONSTRAINT "FK_RefreshTokens_Doctors_DoctorID" FOREIGN KEY ("DoctorID") REFERENCES public."Doctors"("ID");


--
-- TOC entry 4821 (class 2606 OID 17199)
-- Name: RefreshTokens FK_RefreshTokens_Patients_PatientID; Type: FK CONSTRAINT; Schema: public; Owner: postgres
--

ALTER TABLE ONLY public."RefreshTokens"
    ADD CONSTRAINT "FK_RefreshTokens_Patients_PatientID" FOREIGN KEY ("PatientID") REFERENCES public."Patients"("ID");


--
-- TOC entry 4824 (class 2606 OID 17224)
-- Name: SpecializationRooms FK_SpecializationRooms_Rooms_RoomID; Type: FK CONSTRAINT; Schema: public; Owner: postgres
--

ALTER TABLE ONLY public."SpecializationRooms"
    ADD CONSTRAINT "FK_SpecializationRooms_Rooms_RoomID" FOREIGN KEY ("RoomID") REFERENCES public."Rooms"("ID") ON DELETE CASCADE;


--
-- TOC entry 4825 (class 2606 OID 17229)
-- Name: SpecializationRooms FK_SpecializationRooms_Specializations_SpecializationID; Type: FK CONSTRAINT; Schema: public; Owner: postgres
--

ALTER TABLE ONLY public."SpecializationRooms"
    ADD CONSTRAINT "FK_SpecializationRooms_Specializations_SpecializationID" FOREIGN KEY ("SpecializationID") REFERENCES public."Specializations"("ID") ON DELETE CASCADE;


--
-- TOC entry 4826 (class 2606 OID 17242)
-- Name: Visits FK_Visits_Doctors_DoctorID; Type: FK CONSTRAINT; Schema: public; Owner: postgres
--

ALTER TABLE ONLY public."Visits"
    ADD CONSTRAINT "FK_Visits_Doctors_DoctorID" FOREIGN KEY ("DoctorID") REFERENCES public."Doctors"("ID") ON DELETE RESTRICT;


--
-- TOC entry 4827 (class 2606 OID 17247)
-- Name: Visits FK_Visits_Patients_PatientID; Type: FK CONSTRAINT; Schema: public; Owner: postgres
--

ALTER TABLE ONLY public."Visits"
    ADD CONSTRAINT "FK_Visits_Patients_PatientID" FOREIGN KEY ("PatientID") REFERENCES public."Patients"("ID") ON DELETE CASCADE;


--
-- TOC entry 4828 (class 2606 OID 17252)
-- Name: Visits FK_Visits_Rooms_RoomID; Type: FK CONSTRAINT; Schema: public; Owner: postgres
--

ALTER TABLE ONLY public."Visits"
    ADD CONSTRAINT "FK_Visits_Rooms_RoomID" FOREIGN KEY ("RoomID") REFERENCES public."Rooms"("ID") ON DELETE RESTRICT;


--
-- TOC entry 4829 (class 2606 OID 17257)
-- Name: Visits FK_Visits_Specializations_SpecializationID; Type: FK CONSTRAINT; Schema: public; Owner: postgres
--

ALTER TABLE ONLY public."Visits"
    ADD CONSTRAINT "FK_Visits_Specializations_SpecializationID" FOREIGN KEY ("SpecializationID") REFERENCES public."Specializations"("ID") ON DELETE RESTRICT;


-- Completed on 2025-11-28 14:14:51

--
-- postgresQL database dump complete
--

\unrestrict WTa2cixsIvIpmuNf2b2mOcbfuhgjKh4k517h1CaKGJSmUUcPPyuG3FzYIBf46JT

